"Name","MAC address","Serial number","Tags","Local IP","Ethernet 1 LLDP","Schedule","Quality & retention profile"
"cc:9c:3e:58:c4:52 (RMA)","cc:9c:3e:58:c4:52","Q2JV-BEKX-H3YQ","null","","null","Always on","null"
"A.U.B.H.S. School of Art Entrance","ac:17:c8:0e:ac:71","Q2FV-P35K-QZ5C","AUBHS","192.168.43.148","AUBHS School of art BLD / Port 3","Always on","null"
"A.U.B.H.S. School of Art Camera 2","ac:17:c8:0e:ab:96","Q2FV-DQL3-72ZJ","AUBHS","192.168.43.90","AUBHS School of art BLD / Port 2","Always on","null"
"A.U.B.H.S. School of Art Camera 3","ac:17:c8:0e:ab:9c","Q2FV-CZ5D-ZDAM","AUBHS","192.168.43.151","AUBHS School of art BLD / Port 1","Always on","null"
"A.U.B.H.S. School of Art camera 1","ac:17:c8:0e:a6:2c","Q2FV-CH9Y-EFBV","AUBHS","192.168.43.166","AUBHS School of art BLD / Port 4","Always on","null"
"NG Hostel 1 MV72","c4:8b:a3:62:2b:95","Q2JV-YT2K-A6GM","null","192.168.31.60","ENG-PRI-School-MP-BLDG / Port gi22","Always on","MV72-Outdoor-Profile"
"Mosque Parking MV72","bc:db:09:b0:b5:c0","Q2JV-YNJT-QP4F","null","192.168.43.81","Sport-Ground-officePOE-RMA / Port 1","Always on","MV72-Outdoor-Profile"
"PAI VEDA Behind","b8:ab:61:3f:d9:ee","Q2JV-YDDK-WVER","null","192.168.24.89","PAI-VEDA-SG350MP / Port gi20","Always on","MV72-Outdoor-Profile"
"NG2 Hostel","c4:8b:a3:62:9d:6e","Q2JV-XJNN-KA8V","null","192.168.28.70","NG2-Hostel-POE / Port gi4","Always on","MV72-Outdoor-Profile"
"Mudground Entry Left side","b8:ab:61:3f:ca:d3","Q2JV-WW5Q-9PS3","null","192.168.43.83","Sport-Ground-officePOE-RMA / Port 3","Always on","MV72-Outdoor-Profile"
"Dental Backside","b8:ab:61:3f:da:03","Q2JV-WNSB-X9FZ","null","192.168.22.64","SG350-28MP-Pharmacy-POE / Port gi19","Always on","MV72-Outdoor-Profile"
"Unani Gate 4 Entry","08:f1:b3:93:03:ae","Q2JV-W24H-Z8D5","null","192.168.27.51","Unani-Hospital-Physio POE / Port 22","Always on","MV72-Outdoor-Profile"
"Gate No 1 Exit","bc:db:09:b0:b3:da","Q2JV-V7HH-QKNE","null","192.168.38.54","Firdous Hostel MS120POE / Port 22","Always on","MV72-Outdoor-Profile"
"Golden jubilee entry parking","b8:ab:61:3f:cb:0c","Q2JV-UTYE-GFUK","null","192.168.46.195","null","Always on","MV72-Outdoor-Profile"
"Anglo Girls School outside","c4:8b:a3:62:9d:4a","Q2JV-UF8U-VTJP","null","10.0.61.156","AngloGirls-School-MP / Port gi17","Always on","MV72-Outdoor-Profile"
"ENG-PRIMARY-JR.MV72","bc:db:09:b0:b1:b5","Q2JV-UDPY-9NRQ","null","192.168.31.169","ENG-JR-COLLEGE / Port gi7","Always on","MV72-Outdoor-Profile"
"AIJC outside","b8:ab:61:3f:cc:8f","Q2JV-UB78-VYRG","null","192.168.36.252","Senior College new BLD POE2 / Port 18","Always on","MV72-Outdoor-Profile"
"election temp 2","b8:ab:61:3f:d9:8e","Q2JV-U79W-RS5F","null","192.168.41.22","null","Always on","MV72-Outdoor-Profile"
"Dental Backside","b8:ab:61:3f:cb:78","Q2JV-U376-TXYF","null","192.168.25.241","Dental College-Library-MS120POE / Port 18","Always on","MV72-Outdoor-Profile"
"Trust Office MV72","bc:db:09:b0:b2:ff","Q2JV-TSNU-S8XW","null","192.168.39.175","Trust-Office-POE ms120 / Port 7","Always on","MV72-Outdoor-Profile"
"Universiry BLD to Bakery","c4:8b:a3:62:2d:54","Q2JV-TLCQ-N7LY","SOCMACS-3rdFL","192.168.40.29","Dr. PAI-UNI-First FL-MS120P POE / Port 6","Always on","MV72-Outdoor-Profile"
"Mosque-Entry","c4:8b:a3:62:9d:59","Q2JV-TEWB-MLS9","null","192.168.44.227","Mosque-POE-MS130 / Port 1","Always on","MV72-Outdoor-Profile"
"Unani Gate 4 right side","b8:ab:61:3f:cb:7e","Q2JV-TCK7-B74W","null","192.168.26.87","Unani College Staircase MS130POE / Port 2","Always on","MV72-Outdoor-Profile"
"Dental-Entry","bc:db:09:b0:a1:a1","Q2JV-SXS3-QG5X","null","192.168.25.38","Dental-Admin-Office / Port 23","Always on","MV72-Outdoor-Profile"
"Mud-ground- seniorside","b8:ab:61:3f:cc:a4","Q2JV-RH3E-JEQ4","null","192.168.36.102","Senior College new BLD POE2 / Port 20","Always on","MV72-Outdoor-Profile"
"Gate 2 exit","b8:ab:61:3f:cb:fc","Q2JV-REX8-2M2D","null","192.168.41.58","Law College-2nd FL-MS120POE / Port 12","Always on","MV72-Outdoor-Profile"
"Mud Ground entry right side","c4:8b:a3:62:2c:a9","Q2JV-R83Z-DBFD","null","192.168.43.77","Sport-Ground-officePOE-RMA / Port 5","Always on","MV72-Outdoor-Profile"
"Trust-Office-hall-outside","ac:d3:1d:fe:a2:76","Q2JV-R23Q-HUWN","null","192.168.40.131","Dr. PAI-UNI-First FL-MS120P POE / Port 17","Always on","MV72-Outdoor-Profile"
"Pharmacy Backside","b8:ab:61:3f:da:f0","Q2JV-Q54U-WJKQ","null","192.168.22.20","SG350-28MP-Pharmacy-POE / Port gi20","Always on","MV72-Outdoor-Profile"
"Dr. PAI-UNI-Entry Outdoor","ac:d3:1d:fe:7d:50","Q2JV-PQRF-KRYJ","Dr.PAIU, Office","192.168.40.25","Dr. PAI-UNI- ServerRoom- Switch 3 / Port 9","Always on","MV72-Outdoor-Profile"
"Pharmacy MV72","bc:db:09:b0:b5:e1","Q2JV-P6T2-PV26","null","192.168.22.213","SG350-28MP-Pharmacy-POE / Port gi12","Always on","MV72-Outdoor-Profile"
"ICT-BLD-gate2 Facing","bc:db:09:b0:b1:55","Q2JV-P3US-Q94F","null","192.168.40.201","ICT-Building / Port 20","Always on","MV72-Outdoor-Profile"
"Firdous hostel entry","b8:ab:61:3f:cb:81","Q2JV-NZPB-8AZD","null","192.168.39.169","Trust-Office-POE ms120 / Port 15","Always on","MV72-Outdoor-Profile"
"Assemblyhall","b8:ab:61:3f:c7:5b","Q2JV-NX5E-WGP8","null","192.168.39.171","Trust-Office-POE ms120 / Port 14","Always on","MV72-Outdoor-Profile"
"ENG-Primary-School-Mv72","bc:db:09:b0:b1:46","Q2JV-NN27-83V4","null","192.168.31.129","ENG-PRI-School-MP-BLDG / Port gi24","Always on","MV72-Outdoor-Profile"
"Firdous Hostel Behind Gate","c4:8b:a3:62:9c:de","Q2JV-NCC3-CHW2","null","192.168.38.55","Firdous Hostel MS120POE / Port 18","Always on","MV72-Outdoor-Profile"
"Assemblyhall-Stage","b8:ab:61:3f:d9:c1","Q2JV-MZLC-GWPN","null","192.168.39.172","Trust-Office-POE ms120 / Port 16","Always on","MV72-Outdoor-Profile"
"MBA to Veda","b8:ab:61:3f:d9:d0","Q2JV-MW6T-L9U3","null","172.16.0.140","ServerRoom-POE / Port 11","Always on","MV72-Outdoor-Profile"
"Badminton court inside","b8:ab:61:3f:cb:ab","Q2JV-MTN7-EHMS","null","192.168.38.47","Old Trust Office POE / Port 4","Always on","MV72-Outdoor-Profile"
"Aman Building MV72","bc:db:09:b0:b1:4f","Q2JV-LQK2-MVL3","null","192.168.44.135","AMAN-BUILDING / Port 20","Always on","MV72-Outdoor-Profile"
"Trust office entry outdoor 2","b8:ab:61:3f:d9:e2","Q2JV-L9VR-6H7R","null","192.168.39.102","Trust-Office-POE ms120 / Port 17","Always on","MV72-Outdoor-Profile"
"Gate No 2 Entry","ac:d3:1d:fe:86:bf","Q2JV-KM4V-RAST","null","192.168.21.76","PAI-Public-School-350MP / Port gi24","Always on","MV72-Outdoor-Profile"
"MBA-Backside","bc:db:09:b0:b1:b2","Q2JV-KH6L-AQ6Q","null","192.168.24.96","PAI-VEDA-SG350MP / Port gi12","Always on","MV72-Outdoor-Profile"
"election temp1","b8:ab:61:3f:d9:10","Q2JV-JLT9-GJB9","null","192.168.21.53","null","Always on","MV72-Outdoor-Profile"
"MBA to Aman BLD","b8:ab:61:3f:db:56","Q2JV-JL7T-ZD66","null","172.16.0.73","ServerRoom-POE / Port 13","Always on","MV72-Outdoor-Profile"
"Dr. PAI-UNI-Lift-outdoor","c4:8b:a3:62:a0:14","Q2JV-HW2L-A98D","null","192.168.40.226","Dr. PAI-UNI-First FL-MS120P POE / Port 18","Always on","MV72-Outdoor-Profile"
"Unani College BLD Back side","b8:ab:61:3f:cb:66","Q2JV-HT4T-5HBR","null","192.168.26.88","Unani College Staircase MS130POE / Port 3","Always on","MV72-Outdoor-Profile"
"ICT-BLD-CAMERA","ac:d3:1d:fe:81:7f","Q2JV-HG7L-55KJ","SOCMACS-3rdFL","192.168.40.23","ICT-Building / Port 22","Always on","MV72-Outdoor-Profile"
"Golden jubilee hall side","b8:ab:61:3f:cb:f9","Q2JV-H8HV-79D2","null","192.168.46.196","null","Always on","MV72-Outdoor-Profile"
"Unani Hospital-Entry","08:f1:b3:93:03:f0","Q2JV-GWAV-AK8E","recently-added","192.168.27.52","Unani-Hospital-Physio POE / Port 23","Always on","MV72-Outdoor-Profile"
"Senior College Entry side","b8:ab:61:3f:db:83","Q2JV-DZKG-VXS9","null","192.168.36.63","Senior College new BLD POE2 / Port 22","Always on","MV72-Outdoor-Profile"
"b8:ab:61:3f:da:57","b8:ab:61:3f:da:57","Q2JV-CZB3-5J98","null","","null","Always on","MV72-Outdoor-Profile"
"PAI Public School Entry","b8:ab:61:3f:cb:f6","Q2JV-CXNX-2UKJ","null","192.168.21.22","PAI-Public-School-350MP / Port gi20","Always on","MV72-Outdoor-Profile"
"MBA-Canteen-Outside","08:f1:b3:93:03:e4","Q2JV-CR3N-U93V","null","172.16.0.118","ServerRoom-POE / Port 4","Always on","MV72-Outdoor-Profile"
"NG2-Hostel-Towards Dental","b8:ab:61:3f:cc:92","Q2JV-CDCH-TUZC","null","192.168.28.69","null","Always on","MV72-Outdoor-Profile"
"Gate No 1 LEDWALL","ac:d3:1d:fe:81:f1","Q2JV-C94K-2ZZC","null","192.168.43.78","Sport-Ground-officePOE-RMA / Port 2","Always on","MV72-Outdoor-Profile"
"Mud-ground-juniorside","b8:ab:61:3f:cb:ed","Q2JV-BQGU-LMXF","null","192.168.36.130","Senior College new BLD POE2 / Port 21","Always on","MV72-Outdoor-Profile"
"Roghy hostel outside","b8:ab:61:3f:cb:cc","Q2JV-BPYR-EQ9M","null","10.0.61.79","AngloGirls-School-MP / Port gi18","Always on","MV72-Outdoor-Profile"
"Unani Gate 4 exit","bc:db:09:b0:b6:fe","Q2JV-AZHW-KRAH","null","192.168.26.82","Unani College Staircase MS130POE / Port 4","Always on","MV72-Outdoor-Profile"
"Unani Gate 4 left side","b8:ab:61:3f:cb:72","Q2JV-9GDD-3FE2","null","192.168.26.86","Unani College Staircase MS130POE / Port 1","Always on","MV72-Outdoor-Profile"
"Pharmacy to MBA Canteen","b8:ab:61:3f:da:69","Q2JV-9G2M-D7Y5","null","192.168.22.96","SG350-28MP-Pharmacy-POE / Port gi21","Always on","MV72-Outdoor-Profile"
"Anglo-Girls-School-Entry","08:f1:b3:92:ff:ca","Q2JV-7PEA-V5LU","null","192.168.37.121","Anglo-Girls-School / Port 1","Always on","MV72-Outdoor-Profile"
"CCTV Room Outside","bc:db:09:b0:b3:11","Q2JV-5R76-9ZXH","null","192.168.24.109","PAI-VEDA-SG350MP / Port gi8","Always on","MV72-Outdoor-Profile"
"Universiry BLD to ICT","c4:8b:a3:62:2c:c4","Q2JV-5DAL-K3XG","SOCMACS-3rdFL","192.168.40.21","Dr. PAI-UNI-First FL-MS120P POE / Port 5","Always on","MV72-Outdoor-Profile"
"Trust-Office-Entry-Outside","ac:d3:1d:fe:9a:21","Q2JV-4U5U-PFC8","null","192.168.39.191","Trust-Office-POE ms120 / Port 13","Always on","MV72-Outdoor-Profile"
"Pai public school Ground","bc:db:09:b0:b0:fb","Q2JV-4RP8-QFUR","null","192.168.21.249","PAI-Public-School-350MP / Port gi8","Always on","MV72-Outdoor-Profile"
"Senior-College","c4:8b:a3:62:9c:ea","Q2JV-466S-43G7","null","192.168.36.111","Senior-College-CBS350 / gi13","Always on","MV72-Outdoor-Profile"
"Gate No 1 Entry","08:f1:b3:92:ff:91","Q2JV-2ZHW-WABA","null","192.168.39.176","Trust-Office-POE ms120 / Port 8","Always on","MV72-Outdoor-Profile"
"Badminton court","b8:ab:61:3f:cb:f3","Q2JV-2NYE-YX5T","null","192.168.38.46","Old Trust Office POE / Port 3","Always on","MV72-Outdoor-Profile"
"Dr. PAI-UNI-2nd FL LIFT LEFT SIDE","00:84:1e:ac:bd:84","Q2GV-ZUFH-WEQD","null","192.168.40.194","Dr. PAI-UNI-Second FL-MS120POE / Port 12","Always on","Indore Profile MV12"
"Dr. PAI-UNI- Parking Exit side 2","00:84:1e:ac:98:70","Q2GV-ZLT3-7PFP","null","192.168.40.220","Dr. PAI-UNI- ServerRoom- Switch 3 / Port 6","Always on","Indore Profile MV12"
"SOCMACS-3rdFL-BCA-CR2","00:84:1e:ac:85:02","Q2GV-ZL74-827C","SOCMACS-3rdFL","192.168.40.244","Dr. PAI-UNI-3rd FL-MS120P / Port 10","Always on","Indore Profile MV12"
"Sr. College new BLD GR FL left CR","00:84:1e:ac:bc:a3","Q2GV-YZBT-4JA4","null","192.168.36.253","Senior College new BLD POE2 / Port 10","Always on","Indore Profile MV12"
"Mosque Basement P Entry","00:84:1e:ac:41:6d","Q2GV-YYZB-HRGD","null","192.168.44.229","Mosque-POE-MS130 / Port 3","Always on","Indore Profile MV12"
"Dr. PAI-UNI-2rd FL- Classroom 5","00:84:1e:ac:be:08","Q2GV-YHKK-GNH7","null","192.168.40.101","Dr. PAI-UNI-Second FL-MS120POE / Port 8","Always on","Indore Profile MV12"
"Dr. PAI-UNI-2rd FL- Classroom 6","00:84:1e:ac:be:05","Q2GV-XTF7-T4BK","null","192.168.40.93","Dr. PAI-UNI-Second FL-MS120POE / Port 9","Always on","Indore Profile MV12"
"Sr. College new BLD 4th FL Passage","00:84:1e:ac:43:c5","Q2GV-XHBJ-UR8V","null","192.168.36.110","Senior College new BLD POE2 / Port 16","Always on","Indore Profile MV12"
"Dr. PAI-UNI-2rd FL Stairs Law Side","00:84:1e:ac:be:89","Q2GV-XH53-HRUL","null","192.168.40.68","Dr. PAI-UNI-Second FL-MS120POE / Port 5","Always on","Indore Profile MV12"
"SOCMACS-3rdFL-BCA-CR4","00:84:1e:ac:8e:c8","Q2GV-XBGN-J2TZ","SOCMACS-3rdFL","192.168.40.224","Dr. PAI-UNI-3rd FL-MS120P / Port 12","Always on","Indore Profile MV12"
"Mosque Basement P Exit","00:84:1e:ac:40:9e","Q2GV-WBKH-7MY7","null","192.168.44.228","Mosque-POE-MS130 / Port 2","Always on","Indore Profile MV12"
"Dr. PAI-UNI-2rd FL-Classroom 1","00:84:1e:ac:bf:f1","Q2GV-W322-5FZ5","null","192.168.40.134","Dr. PAI-UNI-Second FL-MS120POE / Port 4","Always on","Indore Profile MV12"
"Sr. College new BLD 1st Fl right t CR","00:84:1e:ac:bc:34","Q2GV-VQMT-GCCY","null","192.168.36.149","Senior College new BLD POE2 / Port 7","Always on","Indore Profile MV12"
"SOCMACS-3rdFL-BCA-CR5","00:84:1e:ac:8f:8b","Q2GV-UD4H-WQZS","SOCMACS-3rdFL","192.168.40.242","Dr. PAI-UNI-3rd FL-MS120P / Port 13","Always on","Indore Profile MV12"
"Dr. PAI-UNI-3rd FL Lib-camera1","00:84:1e:ac:bd:4e","Q2GV-UAD4-GEDC","SOCMACS-3rdFL","192.168.40.63","Dr. PAI-UNI-3rd FL-MS120POE-2 / Port 2","Always on","Indore Profile MV12"
"SOCMACS-3rdFL-BCA-CR3","00:84:1e:ac:91:c8","Q2GV-U8A7-Q5CD","SOCMACS-3rdFL","192.168.40.5","Dr. PAI-UNI-3rd FL-MS120P / Port 11","Always on","Indore Profile MV12"
"Sr. College new BLD GR FL right t CR","00:84:1e:ac:bd:f9","Q2GV-U2YA-CHVD","null","192.168.36.59","Senior College new BLD POE2 / Port 8","Always on","Indore Profile MV12"
"SOCMACS-4thFL-lift trust side","00:84:1e:ac:42:42","Q2GV-TXWF-NDK6","SOCMACS-4thFL","172.16.0.12","Dr. PAI-UNI-4th Floor FL-MS130P / Port 19","Always on","Indore Profile MV12"
"SOCMACS-LAB1-CAM1","00:84:1e:ac:98:d3","Q2GV-TCJK-B8FS","SOCMACS-3rdFL","192.168.40.3","Dr. PAI-UNI-3rd FL-MS120P / Port 7","Always on","Indore Profile MV12"
"Dr. PAI-UNI- Parking Exit","00:84:1e:ac:9c:54","Q2GV-T2TM-VMXP","null","192.168.40.221","Dr. PAI-UNI- ServerRoom- Switch 3 / Port 8","Always on","Indore Profile MV12"
"SOCMACS-4thFL-Law side","00:84:1e:ac:41:fd","Q2GV-SD4D-MWAP","SOCMACS-4thFL","172.16.0.15","Dr. PAI-UNI-4th Floor FL-MS130P / Port 22","Always on","Indore Profile MV12"
"Dr. PAI-UNI-Admin Office","00:84:1e:ac:9b:31","Q2GV-S5VE-3RG5","Dr.PAIU, Office","192.168.40.235","Dr. PAI-UNI- ServerRoom- Switch 3 / Port 2","Always on","Indore Profile MV12"
"Sr. College new BLD 2nd Fl left CR","00:84:1e:ac:bd:4b","Q2GV-S4ZS-QUUX","null","192.168.36.189","Senior College new BLD POE2 / Port 3","Always on","Indore Profile MV12"
"SOCMACS-LAB1-CAM2","00:84:1e:ac:99:69","Q2GV-S48U-ANFG","SOCMACS-3rdFL","192.168.40.1","Dr. PAI-UNI-3rd FL-MS120P / Port 8","Always on","Indore Profile MV12"
"Dr. PAI-UNI-2nd FL- BBA SOCMACS Staffroom","00:84:1e:ac:be:41","Q2GV-QNLL-H35N","null","192.168.40.81","Dr. PAI-UNI-3rd FL-MS120POE-2 / Port 17","Always on","Indore Profile MV12"
"SOCMACS-4thFL-CR3","00:84:1e:ac:44:85","Q2GV-QM2Y-K6SF","SOCMACS-4thFL","172.16.0.10","Dr. PAI-UNI-4th Floor FL-MS130P / Port 18","Always on","Indore Profile MV12"
"Old trust Office Keyroom","00:84:1e:ac:8b:74","Q2GV-PZXW-DFVL","null","192.168.38.2","Old Trust Office POE / Port 22","Always on","Indore Profile MV12"
"Sr. College new BLD 3rd Fl  Passage","00:84:1e:ac:47:28","Q2GV-P3JH-PP7X","null","192.168.36.139","Senior College new BLD POE2 / Port 15","Always on","Indore Profile MV12"
"Sr. College new BLD GR FL IGNOU office","00:84:1e:ac:bd:ea","Q2GV-P25T-TXFD","null","192.168.36.81","Senior College new BLD POE2 / Port 12","Always on","Indore Profile MV12"
"Dr. PAI-UNI- Parking Entry","00:84:1e:ac:9a:65","Q2GV-N5CM-T736","null","192.168.40.246","Dr. PAI-UNI- ServerRoom- Switch 3 / Port 7","Always on","Indore Profile MV12"
"Trust-Office-Inside","00:84:1e:ac:bd:c0","Q2GV-N4R8-VK45","null","192.168.39.179","Trust-Office-POE ms120 / Port 9","Always on","Indore Profile MV12"
"Dr. PAI-UNI-2rd FL-BED Staffroom","00:84:1e:ac:bf:64","Q2GV-MV2E-N2B2","null","192.168.40.135","Dr. PAI-UNI-Second FL-MS120POE / Port 1","Always on","Indore Profile MV12"
"Dr. PAI-UNI-second FL Trust side","00:84:1e:ac:bd:a2","Q2GV-MNXV-Z3F4","null","192.168.40.175","Dr. PAI-UNI-Second FL-MS120POE / Port 2","Always on","Indore Profile MV12"
"Sr. College new BLD 1st FL passage","00:84:1e:ac:46:ec","Q2GV-LYMV-VAWN","null","192.168.36.222","Senior College new BLD POE2 / Port 13","Always on","Indore Profile MV12"
"Dr. PAI-UNI-3rd FL BCA Staffroom","00:84:1e:ac:bc:70","Q2GV-LWYK-37SY","SOCMACS-3rdFL","192.168.40.212","Dr. PAI-UNI-3rd FL-MS120POE-2 / Port 6","Always on","Indore Profile MV12"
"Trust-Office-Backoffice","00:84:1e:ac:bd:2d","Q2GV-LNXH-N93E","null","192.168.39.177","Trust-Office-POE ms120 / Port 10","Always on","Indore Profile MV12"
"Dr. PAI-UNI-2rd FL- Classroom 8","00:84:1e:ac:be:38","Q2GV-LBE2-JSYM","null","192.168.40.105","Dr. PAI-UNI-Second FL-MS120POE / Port 3","Always on","Indore Profile MV12"
"SOCMACS-4thFL-CR9","00:84:1e:ac:40:5c","Q2GV-KWUJ-P5BV","SOCMACS-4thFL","172.16.0.1","Dr. PAI-UNI-4th Floor FL-MS130P / Port 10","Always on","Indore Profile MV12"
"Mosque Basement P 2","00:84:1e:ac:46:dd","Q2GV-KLQY-U7D9","null","192.168.44.230","Mosque-POE-MS130 / Port 5","Always on","Indore Profile MV12"
"SOCMACS-4thFL- trust side passage","00:84:1e:ac:41:67","Q2GV-JJY3-HHS6","SOCMACS-4thFL","172.16.0.13","Dr. PAI-UNI-4th Floor FL-MS130P / Port 20","Always on","Indore Profile MV12"
"SOCMACS-4thFL-CR6","00:84:1e:ac:44:55","Q2GV-JG7Y-22PT","SOCMACS-4thFL","172.16.0.4","Dr. PAI-UNI-4th Floor FL-MS130P / Port 12","Always on","Indore Profile MV12"
"Dr. PAI-UNI-2rd FL- Classroom 4","00:84:1e:ac:bd:45","Q2GV-HUGM-666L","null","192.168.40.98","Dr. PAI-UNI-Second FL-MS120POE / Port 11","Always on","Indore Profile MV12"
"Dr. PAI-UNI-2rd FL- Classroom 2","00:84:1e:ac:be:44","Q2GV-GPD6-34TT","null","192.168.40.139","Dr. PAI-UNI-Second FL-MS120POE / Port 6","Always on","Indore Profile MV12"
"SOCMACS-4thFL-CR8","00:84:1e:ac:9a:11","Q2GV-GFMP-SWE3","SOCMACS-4thFL","172.16.0.9","Dr. PAI-UNI-4th Floor FL-MS130P / Port 17","Always on","Indore Profile MV12"
"SOCMACS-4thFL-CR1","00:84:1e:ac:3b:c4","Q2GV-FL6G-6KS5","SOCMACS-4thFL","172.16.0.8","Dr. PAI-UNI-4th Floor FL-MS130P / Port 16","Always on","Indore Profile MV12"
"SOCMACS-LAB2-CAM1","00:84:1e:ac:9a:9b","Q2GV-EVVY-ZKU6","SOCMACS-3rdFL","192.168.40.6","Dr. PAI-UNI-3rd FL-MS120P / Port 6","Always on","Indore Profile MV12"
"Dr. PAI-UNI- Reception","00:84:1e:ac:9b:19","Q2GV-EQCF-U9J5","Dr.PAIU, Office","192.168.40.236","Dr. PAI-UNI- ServerRoom- Switch 1 / Port 7","Always on","Indore Profile MV12"
"Dr. PAI-UNI-Strong Room 2","00:84:1e:ac:9c:30","Q2GV-EMKJ-A2KA","Dr.PAIU, Office","192.168.40.239","Dr. PAI-UNI- ServerRoom- Switch 3 / Port 1","Always on","Indore Profile MV12"
"SOCMACS-Strairs Lawcollege Side","00:84:1e:ac:8e:ad","Q2GV-E25U-KPMG","SOCMACS-3rdFL","192.168.40.7","Dr. PAI-UNI-3rd FL-MS120P / Port 16","Always on","Indore Profile MV12"
"Sr. College new BLD Tarrace","00:84:1e:ac:3b:40","Q2GV-DL6U-4JR6","null","192.168.36.191","Senior College new BLD POE2 / Port 17","Always on","Indore Profile MV12"
"Dr. PAI-UNI-3rd FL Lib-camera2","00:84:1e:ac:be:29","Q2GV-DEY2-HT3H","SOCMACS-3rdFL","172.16.1.41","Dr. PAI-UNI-3rd FL-MS120POE-2 / Port 5","Always on","Indore Profile MV12"
"Sr. College new BLD 4th fl left CR","00:84:1e:ac:bd:7b","Q2GV-DBNN-DWZ6","null","192.168.36.155","Senior College new BLD POE2 / Port 2","Always on","Indore Profile MV12"
"Trust-Office-Entry","00:84:1e:ac:bc:7c","Q2GV-D47F-BHG5","null","192.168.39.178","Trust-Office-POE ms120 / Port 11","Always on","Indore Profile MV12"
"SOCMACS-LAB2-CAM2","00:84:1e:ac:9b:6d","Q2GV-BE34-TWTV","SOCMACS-3rdFL","192.168.40.4","Dr. PAI-UNI-3rd FL-MS120P / Port 5","Always on","Indore Profile MV12"
"SOCMACS-Lift left side","00:84:1e:ac:9b:4c","Q2GV-AUWG-LQRL","SOCMACS-3rdFL","192.168.40.10","Dr. PAI-UNI-3rd FL-MS120P / Port 15","Always on","Indore Profile MV12"
"SOCMACS-Lift Right Side","00:84:1e:ac:9a:4a","Q2GV-A5GE-8ZVN","SOCMACS-3rdFL","192.168.40.245","Dr. PAI-UNI-3rd FL-MS120P / Port 14","Always on","Indore Profile MV12"
"Sr. College new BLD 1st Fl left CR","00:84:1e:ac:be:47","Q2GV-8PBD-KQXB","null","192.168.36.122","Senior College new BLD POE2 / Port 9","Always on","Indore Profile MV12"
"Sr. College new BLD 3rd Fl left CR","00:84:1e:ac:bc:f7","Q2GV-8BYR-9ZMN","null","192.168.36.216","Senior College new BLD POE2 / Port 1","Always on","Indore Profile MV12"
"SOCMACS-4thFL- lift law side","00:84:1e:ac:41:9a","Q2GV-86B7-JDD2","SOCMACS-4thFL","172.16.0.14","Dr. PAI-UNI-4th Floor FL-MS130P / Port 21","Always on","Indore Profile MV12"
"Dr. PAI-UNI-2rd FL- Classroom 7","00:84:1e:ac:bc:88","Q2GV-8559-L9VQ","null","192.168.40.100","Dr. PAI-UNI-Second FL-MS120POE / Port 10","Always on","Indore Profile MV12"
"Dr. PAI-UNI-Strong Room 1","00:84:1e:ac:98:eb","Q2GV-7MVM-LD2G","Dr.PAIU, Office","192.168.40.252","Dr. PAI-UNI- ServerRoom- Switch 3 / Port 4","Always on","Indore Profile MV12"
"Dr. PAI-UNI- Conference Hall","00:84:1e:ac:99:c0","Q2GV-7G2D-HYLV","Dr.PAIU, Office","192.168.40.213","Dr. PAI-UNI- ServerRoom- Switch 3 / Port 3","Always on","Indore Profile MV12"
"SOCMACS-Stairs Trustoffice Side","00:84:1e:ac:88:74","Q2GV-7FQC-H8QQ","SOCMACS-3rdFL","192.168.40.8","Dr. PAI-UNI-3rd FL-MS120P / Port 17","Always on","Indore Profile MV12"
"Dr. PAI-UNI-4rd FL BBA Staffroom","00:84:1e:ac:bd:5a","Q2GV-7BWY-7JL2","SOCMACS-3rdFL","172.16.1.40","Dr. PAI-UNI-4th Floor FL-MS130P / Port 23","Always on","Indore Profile MV12"
"Sr. College new BLD 2nd Fl right  CR","00:84:1e:ac:bc:4f","Q2GV-73LC-XWRR","null","192.168.36.83","Senior College new BLD POE2 / Port 4","Always on","Indore Profile MV12"
"SOCMACS-3rdFL-BCA-CR1","00:84:1e:ac:8c:55","Q2GV-72EM-Z2JE","SOCMACS-3rdFL","192.168.40.88","Dr. PAI-UNI-3rd FL-MS120P / Port 9","Always on","Indore Profile MV12"
"SOCMACS-4thFL-CR4","00:84:1e:ac:43:59","Q2GV-6KUF-LTFC","SOCMACS-4thFL","172.16.0.5","Dr. PAI-UNI-4th Floor FL-MS130P / Port 13","Always on","Indore Profile MV12"
"Sr. College new BLD 2nd Fl Passage","00:84:1e:ac:bc:82","Q2GV-5CZS-MZ4A","null","192.168.36.125","Senior College new BLD POE2 / Port 14","Always on","Indore Profile MV12"
"Dr. PAI-UNI- Parking Exit side","00:84:1e:ac:9c:c0","Q2GV-59S6-243X","null","192.168.40.204","Dr. PAI-UNI- ServerRoom- Switch 3 / Port 5","Always on","Indore Profile MV12"
"Dr. PAI-UNI-Account office","00:84:1e:ac:9a:98","Q2GV-5782-TQ3T","Dr.PAIU, Office","192.168.40.243","Dr. PAI-UNI- ServerRoom- Switch 1 / Port 4","Always on","Indore Profile MV12"
"Mosque Basement P1","00:84:1e:ac:bc:58","Q2GV-56XD-NEP9","null","192.168.44.131","Mosque-POE-MS130 / Port 4","Always on","Indore Profile MV12"
"Sr. College new BLD 4th fl rightt CR","00:84:1e:ac:bd:93","Q2GV-4Y44-3WK2","null","192.168.36.93","Senior College new BLD POE2 / Port 5","Always on","Indore Profile MV12"
"Sr. College new BLD GR FL passage","00:84:1e:ac:bc:19","Q2GV-4Y2C-5ECB","null","192.168.36.144","Senior College new BLD POE2 / Port 11","Always on","Indore Profile MV12"
"SOCMACS-4thFL-CR7","00:84:1e:ac:3b:df","Q2GV-4NTH-UM87","SOCMACS-4thFL","172.16.0.7","Dr. PAI-UNI-4th Floor FL-MS130P / Port 15","Always on","Indore Profile MV12"
"Dr. PAI-UNI-Paper Setting Room","00:84:1e:ac:9c:b4","Q2GV-3SZE-NSK2","Dr.PAIU, Office","192.168.40.24","Dr. PAI-UNI- ServerRoom- Switch 3 / Port 10","Always on","Indore Profile MV12"
"Dr. PAI-UNI-2rd FL- Classroom 3","00:84:1e:ac:bd:5d","Q2GV-3GKC-D5C3","null","192.168.40.50","Dr. PAI-UNI-Second FL-MS120POE / Port 7","Always on","Indore Profile MV12"
"SOCMACS-4thFL-CR2","00:84:1e:ac:42:f9","Q2GV-3DNW-QS7S","SOCMACS-4thFL","172.16.0.6","Dr. PAI-UNI-4th Floor FL-MS130P / Port 14","Always on","Indore Profile MV12"
"Sr. College new BLD 3rd Fl right t CR","00:84:1e:ac:bd:51","Q2GV-2K65-H8LW","null","192.168.36.37","Senior College new BLD POE2 / Port 6","Always on","Indore Profile MV12"
"Mosque Basement P1 broken dead","00:84:1e:ac:41:82","Q2GV-26AU-BRXB","null","192.168.44.1","null","Always on","Indore Profile MV12"
"Dr. PAI-UNI-2nd FL LIFT RIGHT SIDE","00:84:1e:ac:bd:72","Q2GV-25D2-5789","null","192.168.40.233","Dr. PAI-UNI-Second FL-MS120POE / Port 13","Always on","Indore Profile MV12"
"SOCMACS-4thFL-CR5","00:84:1e:ac:42:fc","Q2GV-24ZK-L7HK","SOCMACS-4thFL","172.16.0.11","Dr. PAI-UNI-4th Floor FL-MS130P / Port 11","Always on","Indore Profile MV12"
"A.U.B.H.S. 2nd FL Class 1","ac:17:c8:0e:aa:c4","Q2FV-ZWMJ-ZHWG","AUBHS","192.168.43.58","AUBHS-New-2nd BLD S1 POE / Port 10","Always on","Indore Profile MV12"
"A.U.B.H.S. 1st FL hall camera 1","ac:17:c8:0e:ac:08","Q2FV-VKDZ-NBCS","AUBHS","192.168.43.167","AUBHS-New-2nd BLD S1 POE / Port 16","Always on","Indore Profile MV12"
"A.U.B.H.S.3rd FL Class 3","ac:17:c8:0e:aa:df","Q2FV-UHXZ-ZN4C","AUBHS","192.168.43.131","AUBHS-New-2nd BLD S1 POE / Port 14","Always on","Indore Profile MV12"
"A.U.B.H.S.4th FL Passage","ac:17:c8:0e:ab:fc","Q2FV-U7BX-CTML","AUBHS","192.168.43.196","AUBHS-New-2nd BLD S1 POE / Port 15","Always on","Indore Profile MV12"
"A.U.B.H.S. GR FL passage","ac:17:c8:0e:a6:9b","Q2FV-SXUB-7LHV","AUBHS","192.168.43.86","AUBHS-New-2nd BLD S1 POE / Port 21","Always on","Indore Profile MV12"
"A.U.B.H.S.3rd FL Class 4","ac:17:c8:0e:ac:41","Q2FV-QQ8P-JB8H","AUBHS","192.168.43.202","AUBHS-New-2nd BLD S1 POE / Port 13","Always on","Indore Profile MV12"
"A.U.B.H.S.4th FL Class 6","ac:17:c8:0e:ab:c3","Q2FV-P8SK-ZFPZ","AUBHS","192.168.43.187","AUBHS-New-2nd BLD S1 POE / Port 17","Always on","Indore Profile MV12"
"A.U.B.H.S. GR FL Com. Lab Camera 1","ac:17:c8:0e:ac:56","Q2FV-MXQV-RV2D","AUBHS","192.168.43.56","AUBHS-New-2nd BLD S1 POE / Port 18","Always on","Indore Profile MV12"
"A.U.B.H.S.2nd FL passage","ac:17:c8:0e:ab:87","Q2FV-HK86-6LLM","AUBHS","192.168.43.130","AUBHS-New-2nd BLD S1 POE / Port 20","Always on","Indore Profile MV12"
"A.U.B.H.S. 1st FL passage","ac:17:c8:0e:ab:7e","Q2FV-G9P3-4ENX","AUBHS","192.168.43.98","AUBHS-New-2nd BLD S1 POE / Port 19","Always on","Indore Profile MV12"
"A.U.B.H.S.3rd FL passage","ac:17:c8:0e:ac:23","Q2FV-8L2W-2LL8","AUBHS","192.168.43.95","AUBHS-New-2nd BLD S2 / Port 21","Always on","Indore Profile MV12"
"A.U.B.H.S.4th FL Class 5","08:f1:b3:8f:35:de","Q2FV-5ETG-W6ME","AUBHS","192.168.43.112","AUBHS-New-2nd BLD S1 POE / Port 11","Always on","Indore Profile MV12"
"A.U.B.H.S. GR FL Com. Lab Camera 2","ac:17:c8:0e:ac:50","Q2FV-4SQ8-NFM3","AUBHS","192.168.43.183","AUBHS-New-2nd BLD S1 POE / Port 22","Always on","Indore Profile MV12"
"A.U.B.H.S.2nd FL Class 2","ac:17:c8:0e:ab:a8","Q2FV-4DW3-S5VB","AUBHS","192.168.43.100","AUBHS-New-2nd BLD S1 POE / Port 12","Always on","Indore Profile MV12"
"A.U.B.H.S. 1st FL hall camera 2","ac:17:c8:0e:ab:72","Q2FV-3U63-VQQN","AUBHS","192.168.43.104","AUBHS-New-2nd BLD S1 POE / Port 9","Always on","Indore Profile MV12"